{
	"credit": "Made with Blockbench",
	"textures": {
		"1": "item/fire",
		"2": "item/texture",
		"4": "item/wings_flying",
		"5": "item/light",
		"6": "item/magic_circle",
		"particle": "item/fire"
	},
	"elements": [
		{
			"from": [4.51462, 5.59336, 7.0016],
			"to": [6.68038, 7.75912, 8.9984],
			"rotation": {"angle": 45, "axis": "z", "origin": [8, 9.07873, 8]},
			"faces": {
				"north": {"uv": [10.375, 6, 9.5, 6.875], "rotation": 90, "texture": "#2"},
				"east": {"uv": [9.5, 9, 10.375, 9.875], "rotation": 270, "texture": "#2"},
				"south": {"uv": [10.375, 7, 9.5, 7.875], "rotation": 270, "texture": "#2"},
				"west": {"uv": [9.5, 8.875, 10.375, 8], "rotation": 270, "texture": "#2"},
				"up": {"uv": [8.875, 9.5, 8, 10.375], "rotation": 270, "texture": "#2"},
				"down": {"uv": [7.875, 9.5, 7, 10.375], "rotation": 270, "texture": "#2"}
			}
		},
		{
			"from": [7.08915, 4.0808, 7.4409],
			"to": [9.30099, 5.3096, 8.5591],
			"rotation": {"angle": 22.5, "axis": "z", "origin": [8, 9.07873, 8]},
			"faces": {
				"north": {"uv": [11.375, 3.5, 10.5, 4], "rotation": 180, "texture": "#2"},
				"east": {"uv": [10.5, 5.5, 10, 6], "rotation": 180, "texture": "#2"},
				"south": {"uv": [8.875, 10.5, 8, 11], "rotation": 180, "texture": "#2"},
				"west": {"uv": [13, 4.5, 12.5, 5], "rotation": 180, "texture": "#2"},
				"up": {"uv": [10.5, 8.5, 11.375, 9], "rotation": 180, "texture": "#2"},
				"down": {"uv": [10.5, 8.5, 11.375, 8], "rotation": 180, "texture": "#2"}
			}
		},
		{
			"from": [11.41721, 6.4646, 7.4793],
			"to": [12.45401, 8.10044, 8.5207],
			"rotation": {"angle": -22.5, "axis": "z", "origin": [8, 9.07873, 8]},
			"faces": {
				"north": {"uv": [13.375, 4, 13, 4.625], "rotation": 180, "texture": "#2"},
				"east": {"uv": [4.875, 13, 4.5, 13.625], "rotation": 180, "texture": "#2"},
				"south": {"uv": [5.375, 13, 5, 13.625], "rotation": 180, "texture": "#2"},
				"west": {"uv": [13.375, 5, 13, 5.625], "rotation": 180, "texture": "#2"},
				"up": {"uv": [3.5, 14, 3.875, 14.375], "rotation": 180, "texture": "#2"},
				"down": {"uv": [14, 3.375, 14.375, 3], "rotation": 180, "texture": "#2"}
			}
		},
		{
			"from": [12.11167, 5.56912, 7.5177],
			"to": [12.95647, 7.20496, 8.4823],
			"rotation": {"angle": -22.5, "axis": "z", "origin": [8, 9.07873, 8]},
			"faces": {
				"north": {"uv": [13.375, 8, 13, 8.625], "rotation": 180, "texture": "#2"},
				"east": {"uv": [8.875, 13, 8.5, 13.625], "rotation": 180, "texture": "#2"},
				"south": {"uv": [9.875, 13, 9.5, 13.625], "rotation": 180, "texture": "#2"},
				"west": {"uv": [13.375, 9.5, 13, 10.125], "rotation": 180, "texture": "#2"},
				"up": {"uv": [14, 5, 14.375, 5.375], "rotation": 180, "texture": "#2"},
				"down": {"uv": [5, 14.375, 5.375, 14], "rotation": 180, "texture": "#2"}
			}
		},
		{
			"from": [9.63295, 4.28082, 7.5561],
			"to": [10.69279, 5.12562, 8.4439],
			"rotation": {"angle": 0, "axis": "z", "origin": [8, 9.07873, 8]},
			"faces": {
				"north": {"uv": [14, 2, 13.5, 2.375], "rotation": 180, "texture": "#2"},
				"east": {"uv": [5.875, 14, 5.5, 14.375], "rotation": 180, "texture": "#2"},
				"south": {"uv": [14, 2.5, 13.5, 2.875], "rotation": 180, "texture": "#2"},
				"west": {"uv": [14.375, 5.5, 14, 5.875], "rotation": 180, "texture": "#2"},
				"up": {"uv": [13.5, 3.5, 14, 3.875], "rotation": 180, "texture": "#2"},
				"down": {"uv": [13.5, 3.375, 14, 3], "rotation": 180, "texture": "#2"}
			}
		},
		{
			"from": [2.67008, 3.09234, 8],
			"to": [13.32992, 9.73362, 8],
			"rotation": {"angle": 0, "axis": "z", "origin": [8, 9.07873, 8]},
			"faces": {
				"north": {"uv": [8.4875, 0, 4.0125, 2.75], "rotation": 180, "texture": "#2"},
				"east": {"uv": [0, 0, 0, 2.75], "rotation": 180, "texture": "#2"},
				"south": {"uv": [8.4875, 0, 4.0125, 2.75], "rotation": 180, "texture": "#2"},
				"west": {"uv": [0, 0, 0, 2.75], "rotation": 180, "texture": "#2"},
				"up": {"uv": [0, 0, 4.5, 0], "rotation": 180, "texture": "#2"},
				"down": {"uv": [0, 0, 4.5, 0], "rotation": 180, "texture": "#2"}
			}
		},
		{
			"from": [9.58244, 4.19359, 7.5561],
			"to": [10.83428, 4.84639, 8.4439],
			"rotation": {"angle": 22.5, "axis": "z", "origin": [8, 9.07873, 8]},
			"faces": {
				"north": {"uv": [15, 2.5, 14.5, 2.75], "rotation": 180, "texture": "#2"},
				"east": {"uv": [5.875, 14.5, 5.5, 14.75], "rotation": 180, "texture": "#2"},
				"south": {"uv": [3.5, 14.5, 3, 14.75], "rotation": 180, "texture": "#2"},
				"west": {"uv": [14.875, 5.5, 14.5, 5.75], "rotation": 180, "texture": "#2"},
				"up": {"uv": [8, 13.5, 8.5, 13.875], "rotation": 180, "texture": "#2"},
				"down": {"uv": [7.5, 13.875, 8, 13.5], "rotation": 180, "texture": "#2"}
			}
		},
		{
			"from": [4.49483, 4.44408, 7.49005],
			"to": [6.32267, 5.67288, 8.50995],
			"rotation": {"angle": 45, "axis": "z", "origin": [8, 9.07873, 8]},
			"faces": {
				"north": {"uv": [12.25, 2.5, 11.5, 3], "rotation": 180, "texture": "#2"},
				"east": {"uv": [13.875, 8, 13.5, 8.5], "rotation": 180, "texture": "#2"},
				"south": {"uv": [12.25, 9, 11.5, 9.5], "rotation": 180, "texture": "#2"},
				"west": {"uv": [13.875, 8.5, 13.5, 9], "rotation": 180, "texture": "#2"},
				"up": {"uv": [4.5, 12.5, 5.25, 12.875], "rotation": 180, "texture": "#2"},
				"down": {"uv": [12.5, 2.875, 13.25, 2.5], "rotation": 180, "texture": "#2"}
			}
		},
		{
			"from": [9.96108, 2.96013, 7.20896],
			"to": [10.94412, 5.66349, 8.79104],
			"rotation": {"angle": -22.5, "axis": "z", "origin": [8, 9.07873, 8]},
			"faces": {
				"north": {"uv": [6.875, 11, 6.5, 12.125], "rotation": 180, "texture": "#2"},
				"east": {"uv": [10.625, 4, 10, 5.125], "rotation": 180, "texture": "#2"},
				"south": {"uv": [8.375, 11, 8, 12.125], "rotation": 180, "texture": "#2"},
				"west": {"uv": [9.625, 10, 9, 11.125], "rotation": 180, "texture": "#2"},
				"up": {"uv": [10.5, 13, 10.875, 13.625], "rotation": 180, "texture": "#2"},
				"down": {"uv": [10, 13.625, 10.375, 13], "rotation": 180, "texture": "#2"}
			}
		},
		{
			"from": [5.05588, 2.96013, 7.20896],
			"to": [6.03892, 5.66349, 8.79104],
			"rotation": {"angle": 22.5, "axis": "z", "origin": [8, 9.07873, 8]},
			"faces": {
				"north": {"uv": [6.5, 11, 6.875, 12.125], "rotation": 180, "texture": "#2"},
				"east": {"uv": [9, 10, 9.625, 11.125], "rotation": 180, "texture": "#2"},
				"south": {"uv": [8, 11, 8.375, 12.125], "rotation": 180, "texture": "#2"},
				"west": {"uv": [10, 4, 10.625, 5.125], "rotation": 180, "texture": "#2"},
				"up": {"uv": [10.875, 13, 10.5, 13.625], "rotation": 180, "texture": "#2"},
				"down": {"uv": [10.375, 13.625, 10, 13], "rotation": 180, "texture": "#2"}
			}
		},
		{
			"from": [3.36535, 5.57356, 7.49005],
			"to": [4.59415, 7.4014, 8.50995],
			"rotation": {"angle": 45, "axis": "z", "origin": [8, 9.07873, 8]},
			"faces": {
				"north": {"uv": [11.5, 2.5, 12.25, 3], "rotation": 90, "texture": "#2"},
				"east": {"uv": [5.25, 12.5, 4.5, 12.875], "rotation": 270, "texture": "#2"},
				"south": {"uv": [11.5, 9, 12.25, 9.5], "rotation": 270, "texture": "#2"},
				"west": {"uv": [13.25, 2.875, 12.5, 2.5], "rotation": 270, "texture": "#2"},
				"up": {"uv": [13.5, 8, 13.875, 8.5], "rotation": 270, "texture": "#2"},
				"down": {"uv": [13.5, 8.5, 13.875, 9], "rotation": 270, "texture": "#2"}
			}
		},
		{
			"from": [6.69901, 4.0808, 7.4409],
			"to": [8.91085, 5.3096, 8.5591],
			"rotation": {"angle": -22.5, "axis": "z", "origin": [8, 9.07873, 8]},
			"faces": {
				"north": {"uv": [10.5, 3.5, 11.375, 4], "rotation": 180, "texture": "#2"},
				"east": {"uv": [12.5, 4.5, 13, 5], "rotation": 180, "texture": "#2"},
				"south": {"uv": [8, 10.5, 8.875, 11], "rotation": 180, "texture": "#2"},
				"west": {"uv": [10, 5.5, 10.5, 6], "rotation": 180, "texture": "#2"},
				"up": {"uv": [11.375, 8.5, 10.5, 9], "rotation": 180, "texture": "#2"},
				"down": {"uv": [11.375, 8.5, 10.5, 8], "rotation": 180, "texture": "#2"}
			}
		},
		{
			"from": [5.30721, 4.28082, 7.5561],
			"to": [6.36705, 5.12562, 8.4439],
			"rotation": {"angle": 0, "axis": "z", "origin": [8, 9.07873, 8]},
			"faces": {
				"north": {"uv": [13.5, 2, 14, 2.375], "rotation": 180, "texture": "#2"},
				"east": {"uv": [14, 5.5, 14.375, 5.875], "rotation": 180, "texture": "#2"},
				"south": {"uv": [13.5, 2.5, 14, 2.875], "rotation": 180, "texture": "#2"},
				"west": {"uv": [5.5, 14, 5.875, 14.375], "rotation": 180, "texture": "#2"},
				"up": {"uv": [14, 3.5, 13.5, 3.875], "rotation": 180, "texture": "#2"},
				"down": {"uv": [14, 3.375, 13.5, 3], "rotation": 180, "texture": "#2"}
			}
		},
		{
			"from": [3.04353, 5.56912, 7.5177],
			"to": [3.88833, 7.20496, 8.4823],
			"rotation": {"angle": 22.5, "axis": "z", "origin": [8, 9.07873, 8]},
			"faces": {
				"north": {"uv": [13, 8, 13.375, 8.625], "rotation": 180, "texture": "#2"},
				"east": {"uv": [13, 9.5, 13.375, 10.125], "rotation": 180, "texture": "#2"},
				"south": {"uv": [9.5, 13, 9.875, 13.625], "rotation": 180, "texture": "#2"},
				"west": {"uv": [8.5, 13, 8.875, 13.625], "rotation": 180, "texture": "#2"},
				"up": {"uv": [14.375, 5, 14, 5.375], "rotation": 180, "texture": "#2"},
				"down": {"uv": [5.375, 14.375, 5, 14], "rotation": 180, "texture": "#2"}
			}
		},
		{
			"from": [3.54599, 6.4646, 7.4793],
			"to": [4.58279, 8.10044, 8.5207],
			"rotation": {"angle": 22.5, "axis": "z", "origin": [8, 9.07873, 8]},
			"faces": {
				"north": {"uv": [13, 4, 13.375, 4.625], "rotation": 180, "texture": "#2"},
				"east": {"uv": [13, 5, 13.375, 5.625], "rotation": 180, "texture": "#2"},
				"south": {"uv": [5, 13, 5.375, 13.625], "rotation": 180, "texture": "#2"},
				"west": {"uv": [4.5, 13, 4.875, 13.625], "rotation": 180, "texture": "#2"},
				"up": {"uv": [3.875, 14, 3.5, 14.375], "rotation": 180, "texture": "#2"},
				"down": {"uv": [14.375, 3.375, 14, 3], "rotation": 180, "texture": "#2"}
			}
		},
		{
			"from": [5.16572, 4.19359, 7.5561],
			"to": [6.41756, 4.84639, 8.4439],
			"rotation": {"angle": -22.5, "axis": "z", "origin": [8, 9.07873, 8]},
			"faces": {
				"north": {"uv": [14.5, 2.5, 15, 2.75], "rotation": 180, "texture": "#2"},
				"east": {"uv": [14.5, 5.5, 14.875, 5.75], "rotation": 180, "texture": "#2"},
				"south": {"uv": [3, 14.5, 3.5, 14.75], "rotation": 180, "texture": "#2"},
				"west": {"uv": [5.5, 14.5, 5.875, 14.75], "rotation": 180, "texture": "#2"},
				"up": {"uv": [8.5, 13.5, 8, 13.875], "rotation": 180, "texture": "#2"},
				"down": {"uv": [8, 13.875, 7.5, 13.5], "rotation": 180, "texture": "#2"}
			}
		},
		{
			"from": [3.13012, 1.70715, 7.94],
			"to": [11.73012, 10.30715, 8.06],
			"rotation": {"angle": 45, "axis": "z", "origin": [9, 11.07873, 8]},
			"faces": {
				"north": {"uv": [0, 16, 16, 0], "rotation": 90, "texture": "#1"},
				"east": {"uv": [0.5, 0.5, 0, 0], "rotation": 270, "texture": "#1"},
				"south": {"uv": [16, 16, 0, 0], "rotation": 270, "texture": "#1"},
				"west": {"uv": [0.5, 0.5, 0, 0], "rotation": 270, "texture": "#1"},
				"up": {"uv": [0, 0.625, 0.5, 0], "rotation": 270, "texture": "#1"},
				"down": {"uv": [0, 0.625, 0.5, 0], "rotation": 270, "texture": "#1"}
			}
		},
		{
			"from": [7.72392, -6.62459, 12.06],
			"to": [31.32392, 16.97541, 12.06],
			"rotation": {"angle": -22.5, "axis": "y", "origin": [19.52392, 5.17541, 12]},
			"faces": {
				"north": {"uv": [16, 16, 0, 0], "rotation": 180, "texture": "#4"},
				"east": {"uv": [0.5, 0.625, 0, 0], "rotation": 180, "texture": "#4"},
				"south": {"uv": [0, 16, 16, 0], "rotation": 180, "texture": "#4"},
				"west": {"uv": [0.5, 0.625, 0, 0], "rotation": 180, "texture": "#4"},
				"up": {"uv": [0, 0.5, 0.5, 0], "rotation": 180, "texture": "#4"},
				"down": {"uv": [0, 0.5, 0.5, 0], "rotation": 180, "texture": "#4"}
			}
		},
		{
			"from": [-15.32392, -6.62459, 12.06],
			"to": [8.27608, 16.97541, 12.06],
			"rotation": {"angle": 22.5, "axis": "y", "origin": [-3.52392, 5.17541, 12]},
			"faces": {
				"north": {"uv": [0, 16, 16, 0], "rotation": 180, "texture": "#4"},
				"east": {"uv": [0, 0.625, 0.5, 0], "rotation": 180, "texture": "#4"},
				"south": {"uv": [16, 16, 0, 0], "rotation": 180, "texture": "#4"},
				"west": {"uv": [0, 0.625, 0.5, 0], "rotation": 180, "texture": "#4"},
				"up": {"uv": [0.5, 0.5, 0, 0], "rotation": 180, "texture": "#4"},
				"down": {"uv": [0.5, 0.5, 0, 0], "rotation": 180, "texture": "#4"}
			}
		},
		{
			"from": [3.2, 5.87541, 9.05543],
			"to": [12.8, 15.47541, 9.05543],
			"rotation": {"angle": 0, "axis": "y", "origin": [8, 10.67541, 9.05543]},
			"faces": {
				"north": {"uv": [0, 16, 16, 0], "rotation": 180, "texture": "#5"},
				"east": {"uv": [0, 0.625, 0.5, 0], "rotation": 180, "texture": "#5"},
				"south": {"uv": [16, 16, 0, 0], "rotation": 180, "texture": "#5"},
				"west": {"uv": [0, 0.625, 0.5, 0], "rotation": 180, "texture": "#5"},
				"up": {"uv": [0.5, 0.5, 0, 0], "rotation": 180, "texture": "#5"},
				"down": {"uv": [0.5, 0.5, 0, 0], "rotation": 180, "texture": "#5"}
			}
		},
		{
			"from": [-1.8, 8.87541, 11.05543],
			"to": [17.8, 28.47541, 11.05543],
			"rotation": {"angle": 0, "axis": "y", "origin": [8, 18.67541, 11.05543]},
			"faces": {
				"north": {"uv": [0, 16, 16, 0], "rotation": 180, "texture": "#6"},
				"east": {"uv": [0, 0.625, 0.5, 0], "rotation": 180, "texture": "#6"},
				"south": {"uv": [16, 16, 0, 0], "rotation": 180, "texture": "#6"},
				"west": {"uv": [0, 0.625, 0.5, 0], "rotation": 180, "texture": "#6"},
				"up": {"uv": [0.5, 0.5, 0, 0], "rotation": 180, "texture": "#6"},
				"down": {"uv": [0.5, 0.5, 0, 0], "rotation": 180, "texture": "#6"}
			}
		},
		{
			"from": [-2.37158, 5.20885, 7.94],
			"to": [6.22842, 13.80885, 8.06],
			"rotation": {"angle": 45, "axis": "z", "origin": [7, 11.07873, 8]},
			"faces": {
				"north": {"uv": [0, 0, 16, 16], "texture": "#1"},
				"east": {"uv": [0, 0, 0.5, 0.625], "texture": "#1"},
				"south": {"uv": [16, 0, 0, 16], "texture": "#1"},
				"west": {"uv": [0, 0, 0.5, 0.625], "texture": "#1"},
				"up": {"uv": [0.5, 0, 0, 0.5], "texture": "#1"},
				"down": {"uv": [0.5, 0, 0, 0.5], "texture": "#1"}
			}
		},
		{
			"from": [3.51064, 9.03458, 7.5177],
			"to": [5.14648, 9.87938, 8.4823],
			"rotation": {"angle": 45, "axis": "z", "origin": [8, 9.07873, 8]},
			"faces": {
				"north": {"uv": [5.5, 13, 5.875, 13.625], "rotation": 90, "texture": "#2"},
				"east": {"uv": [4.875, 14, 4.5, 14.375], "rotation": 270, "texture": "#2"},
				"south": {"uv": [13, 6, 13.375, 6.625], "rotation": 270, "texture": "#2"},
				"west": {"uv": [14.375, 3.875, 14, 3.5], "rotation": 270, "texture": "#2"},
				"up": {"uv": [6, 13, 6.375, 13.625], "rotation": 270, "texture": "#2"},
				"down": {"uv": [6.5, 13, 6.875, 13.625], "rotation": 270, "texture": "#2"}
			}
		},
		{
			"from": [4.72781, 7.94595, 7.5561],
			"to": [5.38061, 9.00579, 8.4439],
			"rotation": {"angle": 22.5, "axis": "z", "origin": [8, 9.07873, 8]},
			"faces": {
				"north": {"uv": [14, 7.5, 14.25, 8], "rotation": 180, "texture": "#2"},
				"east": {"uv": [2, 13.5, 2.375, 14], "rotation": 180, "texture": "#2"},
				"south": {"uv": [8, 14, 8.25, 14.5], "rotation": 180, "texture": "#2"},
				"west": {"uv": [13.5, 1.5, 13.875, 2], "rotation": 180, "texture": "#2"},
				"up": {"uv": [14.75, 4.5, 14.5, 4.875], "rotation": 180, "texture": "#2"},
				"down": {"uv": [4.75, 14.875, 4.5, 14.5], "rotation": 180, "texture": "#2"}
			}
		},
		{
			"from": [4.93768, 10.01374, 7.5945],
			"to": [5.55208, 10.88158, 8.4055],
			"rotation": {"angle": 45, "axis": "z", "origin": [8, 9.07873, 8]},
			"faces": {
				"north": {"uv": [6, 14.5, 6.25, 14.875], "rotation": 180, "texture": "#2"},
				"east": {"uv": [14, 6, 14.375, 6.375], "rotation": 180, "texture": "#2"},
				"south": {"uv": [14.5, 6, 14.75, 6.375], "rotation": 180, "texture": "#2"},
				"west": {"uv": [6, 14, 6.375, 14.375], "rotation": 180, "texture": "#2"},
				"up": {"uv": [14.75, 6.5, 14.5, 6.875], "rotation": 180, "texture": "#2"},
				"down": {"uv": [6.75, 14.875, 6.5, 14.5], "rotation": 180, "texture": "#2"}
			}
		},
		{
			"from": [7.95585, 4.58937, 7.5177],
			"to": [8.80065, 6.22521, 8.4823],
			"rotation": {"angle": 45, "axis": "z", "origin": [8, 9.07873, 8]},
			"faces": {
				"north": {"uv": [5.875, 13, 5.5, 13.625], "rotation": 180, "texture": "#2"},
				"east": {"uv": [6.375, 13, 6, 13.625], "rotation": 180, "texture": "#2"},
				"south": {"uv": [13.375, 6, 13, 6.625], "rotation": 180, "texture": "#2"},
				"west": {"uv": [6.875, 13, 6.5, 13.625], "rotation": 180, "texture": "#2"},
				"up": {"uv": [4.5, 14, 4.875, 14.375], "rotation": 180, "texture": "#2"},
				"down": {"uv": [14, 3.875, 14.375, 3.5], "rotation": 180, "texture": "#2"}
			}
		},
		{
			"from": [10.61939, 7.94595, 7.5561],
			"to": [11.27219, 9.00579, 8.4439],
			"rotation": {"angle": -22.5, "axis": "z", "origin": [8, 9.07873, 8]},
			"faces": {
				"north": {"uv": [14.25, 7.5, 14, 8], "rotation": 180, "texture": "#2"},
				"east": {"uv": [13.875, 1.5, 13.5, 2], "rotation": 180, "texture": "#2"},
				"south": {"uv": [8.25, 14, 8, 14.5], "rotation": 180, "texture": "#2"},
				"west": {"uv": [2.375, 13.5, 2, 14], "rotation": 180, "texture": "#2"},
				"up": {"uv": [14.5, 4.5, 14.75, 4.875], "rotation": 180, "texture": "#2"},
				"down": {"uv": [4.5, 14.875, 4.75, 14.5], "rotation": 180, "texture": "#2"}
			}
		},
		{
			"from": [8.93501, 6.01641, 7.5945],
			"to": [9.80285, 6.63081, 8.4055],
			"rotation": {"angle": 45, "axis": "z", "origin": [8, 9.07873, 8]},
			"faces": {
				"north": {"uv": [6.25, 14.5, 6, 14.875], "rotation": 90, "texture": "#2"},
				"east": {"uv": [14.5, 6.5, 14.75, 6.875], "rotation": 270, "texture": "#2"},
				"south": {"uv": [14.75, 6, 14.5, 6.375], "rotation": 270, "texture": "#2"},
				"west": {"uv": [6.5, 14.875, 6.75, 14.5], "rotation": 270, "texture": "#2"},
				"up": {"uv": [14.375, 6, 14, 6.375], "rotation": 270, "texture": "#2"},
				"down": {"uv": [6.375, 14, 6, 14.375], "rotation": 270, "texture": "#2"}
			}
		},
		{
			"from": [6.02537, 7.10411, 7.328],
			"to": [6.39017, 7.46891, 8.672],
			"rotation": {"angle": 45, "axis": "z", "origin": [8, 9.07873, 8]},
			"faces": {
				"north": {"uv": [11.125, 14.625, 11, 14.5], "rotation": 180, "texture": "#2"},
				"east": {"uv": [7.625, 14.625, 7, 14.5], "rotation": 180, "texture": "#2"},
				"south": {"uv": [14.625, 11.125, 14.5, 11], "rotation": 180, "texture": "#2"},
				"west": {"uv": [15.125, 7.125, 14.5, 7], "rotation": 180, "texture": "#2"},
				"up": {"uv": [14.5, 7.5, 14.625, 8.125], "rotation": 180, "texture": "#2"},
				"down": {"uv": [8, 15.125, 8.125, 14.5], "rotation": 180, "texture": "#2"}
			}
		},
		{
			"from": [2.92599, 4.00472, 7.12141],
			"to": [3.48633, 4.56505, 8.87859],
			"rotation": {"angle": 45, "axis": "z", "origin": [8, 9.07873, 8]},
			"faces": {
				"north": {"uv": [10.75, 14.5, 10.5, 14.75], "rotation": 180, "texture": "#2"},
				"east": {"uv": [14.25, 9, 13.5, 9.25], "rotation": 180, "texture": "#2"},
				"south": {"uv": [14.75, 10.5, 14.5, 10.75], "rotation": 180, "texture": "#2"},
				"west": {"uv": [14.25, 9.5, 13.5, 9.75], "rotation": 180, "texture": "#2"},
				"up": {"uv": [13.5, 10, 13.75, 10.75], "rotation": 180, "texture": "#2"},
				"down": {"uv": [9, 14.25, 9.25, 13.5], "rotation": 180, "texture": "#2"}
			}
		},
		{
			"from": [12.61144, 13.69017, 8.328],
			"to": [12.97624, 14.05497, 9.672],
			"rotation": {"angle": 45, "axis": "z", "origin": [8, 9.07873, 9]},
			"faces": {
				"north": {"uv": [11.125, 14.5, 11, 14.625], "rotation": 90, "texture": "#2"},
				"east": {"uv": [8, 14.5, 8.125, 15.125], "rotation": 270, "texture": "#2"},
				"south": {"uv": [14.625, 11, 14.5, 11.125], "rotation": 270, "texture": "#2"},
				"west": {"uv": [14.5, 8.125, 14.625, 7.5], "rotation": 270, "texture": "#2"},
				"up": {"uv": [15.125, 7, 14.5, 7.125], "rotation": 270, "texture": "#2"},
				"down": {"uv": [7.625, 14.5, 7, 14.625], "rotation": 270, "texture": "#2"}
			}
		},
		{
			"from": [12.27056, 13.58089, 8.578],
			"to": [12.63536, 13.94569, 9.422],
			"rotation": {"angle": 0, "axis": "z", "origin": [8, 9.07873, 9]},
			"faces": {
				"north": {"uv": [11.125, 14.5, 11, 14.625], "rotation": 270, "texture": "#2"},
				"east": {"uv": [14.5, 8.125, 14.625, 7.5], "rotation": 90, "texture": "#2"},
				"south": {"uv": [14.625, 11, 14.5, 11.125], "rotation": 90, "texture": "#2"},
				"west": {"uv": [8, 14.5, 8.125, 15.125], "rotation": 90, "texture": "#2"},
				"up": {"uv": [7.625, 14.5, 7, 14.625], "rotation": 90, "texture": "#2"},
				"down": {"uv": [15.125, 7, 14.5, 7.125], "rotation": 90, "texture": "#2"}
			}
		},
		{
			"from": [11.67001, 11.94874, 8.296],
			"to": [12.31001, 13.38874, 9.704],
			"rotation": {"angle": 45, "axis": "z", "origin": [8, 9.07873, 9]},
			"faces": {
				"north": {"uv": [12.75, 8, 12, 8.375], "rotation": 90, "texture": "#2"},
				"east": {"uv": [2.5, 10.5, 3.25, 11.25], "rotation": 270, "texture": "#2"},
				"south": {"uv": [12.75, 9.5, 12, 9.875], "rotation": 270, "texture": "#2"},
				"west": {"uv": [1.5, 11.25, 2.25, 10.5], "rotation": 270, "texture": "#2"},
				"up": {"uv": [12.75, 10, 12, 10.375], "rotation": 270, "texture": "#2"},
				"down": {"uv": [12.75, 8.5, 12, 8.875], "rotation": 270, "texture": "#2"}
			}
		},
		{
			"from": [10.87001, 12.74874, 8.296],
			"to": [11.67001, 13.38874, 9.704],
			"rotation": {"angle": 45, "axis": "z", "origin": [8, 9.07873, 9]},
			"faces": {
				"north": {"uv": [14.375, 2.5, 14, 2.875], "rotation": 90, "texture": "#2"},
				"east": {"uv": [12.5, 3.5, 12.875, 4.25], "rotation": 270, "texture": "#2"},
				"south": {"uv": [3.375, 14, 3, 14.375], "rotation": 270, "texture": "#2"},
				"west": {"uv": [12, 12.25, 12.375, 11.5], "rotation": 270, "texture": "#2"},
				"up": {"uv": [11.75, 12, 11, 12.375], "rotation": 270, "texture": "#2"},
				"down": {"uv": [12.75, 10.5, 12, 10.875], "rotation": 270, "texture": "#2"}
			}
		},
		{
			"from": [6.06218, 13.16143, 8.36],
			"to": [6.70218, 14.28143, 9.64],
			"rotation": {"angle": -22.5, "axis": "z", "origin": [8, 9.07873, 9]},
			"faces": {
				"north": {"uv": [13.875, 0.5, 13.5, 1], "rotation": 180, "texture": "#2"},
				"east": {"uv": [12.625, 1.5, 12, 2], "rotation": 180, "texture": "#2"},
				"south": {"uv": [1.875, 13.5, 1.5, 14], "rotation": 180, "texture": "#2"},
				"west": {"uv": [12.625, 6.5, 12, 7], "rotation": 180, "texture": "#2"},
				"up": {"uv": [3, 13, 3.375, 13.625], "rotation": 180, "texture": "#2"},
				"down": {"uv": [2.5, 13.625, 2.875, 13], "rotation": 180, "texture": "#2"}
			}
		},
		{
			"from": [10.18209, 13.48788, 8.36],
			"to": [10.82209, 15.24788, 9.64],
			"rotation": {"angle": 22.5, "axis": "z", "origin": [8, 9.07873, 9]},
			"faces": {
				"north": {"uv": [10.375, 11.5, 10, 12.375], "rotation": 180, "texture": "#2"},
				"east": {"uv": [7.625, 10.5, 7, 11.375], "rotation": 180, "texture": "#2"},
				"south": {"uv": [10.875, 11.5, 10.5, 12.375], "rotation": 180, "texture": "#2"},
				"west": {"uv": [11.125, 7, 10.5, 7.875], "rotation": 180, "texture": "#2"},
				"up": {"uv": [3.5, 13, 3.875, 13.625], "rotation": 180, "texture": "#2"},
				"down": {"uv": [13, 3.625, 13.375, 3], "rotation": 180, "texture": "#2"}
			}
		},
		{
			"from": [6.5634, 13.14291, 9],
			"to": [9.4366, 17.39731, 9],
			"rotation": {"angle": 0, "axis": "z", "origin": [8, 9.07873, 9]},
			"faces": {
				"north": {"uv": [8.375, 3, 7, 5.125], "rotation": 180, "texture": "#2"},
				"east": {"uv": [0, 0, 0, 2.125], "rotation": 180, "texture": "#2"},
				"south": {"uv": [8.375, 3, 7, 5.125], "rotation": 180, "texture": "#2"},
				"west": {"uv": [0, 0, 0, 2.125], "rotation": 180, "texture": "#2"},
				"up": {"uv": [0, 0, 1.5, 0], "rotation": 180, "texture": "#2"},
				"down": {"uv": [0, 0, 1.5, 0], "rotation": 180, "texture": "#2"}
			}
		},
		{
			"from": [9.45175, 9.62295, 8.805],
			"to": [10.53495, 11.21015, 9.195],
			"rotation": {"angle": -22.5, "axis": "z", "origin": [8, 9.07873, 9]},
			"faces": {
				"north": {"uv": [7.5, 12.25, 7, 11.5], "rotation": 180, "texture": "#2"},
				"east": {"uv": [13.75, 5.75, 13.5, 5], "rotation": 180, "texture": "#2"},
				"south": {"uv": [8, 12.25, 7.5, 11.5], "rotation": 180, "texture": "#2"},
				"west": {"uv": [13.75, 6.75, 13.5, 6], "rotation": 180, "texture": "#2"},
				"up": {"uv": [0.5, 14.5, 1, 14.75], "rotation": 180, "texture": "#2"},
				"down": {"uv": [14.5, 0.75, 15, 0.5], "rotation": 180, "texture": "#2"}
			}
		},
		{
			"from": [10.42122, 8.80986, 8.7984],
			"to": [11.30442, 9.86426, 9.2016],
			"rotation": {"angle": 22.5, "axis": "z", "origin": [8, 9.07873, 9]},
			"faces": {
				"north": {"uv": [13, 6.5, 12.5, 6], "rotation": 180, "texture": "#2"},
				"east": {"uv": [13.75, 14.5, 13.5, 14], "rotation": 180, "texture": "#2"},
				"south": {"uv": [7, 13, 6.5, 12.5], "rotation": 180, "texture": "#2"},
				"west": {"uv": [14.25, 14.5, 14, 14], "rotation": 180, "texture": "#2"},
				"up": {"uv": [0, 14.5, 0.5, 14.75], "rotation": 180, "texture": "#2"},
				"down": {"uv": [14.5, 0.25, 15, 0], "rotation": 180, "texture": "#2"}
			}
		},
		{
			"from": [5.46505, 9.62295, 8.805],
			"to": [6.54825, 11.21015, 9.195],
			"rotation": {"angle": 22.5, "axis": "z", "origin": [8, 9.07873, 9]},
			"faces": {
				"north": {"uv": [7, 12.25, 7.5, 11.5], "rotation": 180, "texture": "#2"},
				"east": {"uv": [13.5, 6.75, 13.75, 6], "rotation": 180, "texture": "#2"},
				"south": {"uv": [7.5, 12.25, 8, 11.5], "rotation": 180, "texture": "#2"},
				"west": {"uv": [13.5, 5.75, 13.75, 5], "rotation": 180, "texture": "#2"},
				"up": {"uv": [1, 14.5, 0.5, 14.75], "rotation": 180, "texture": "#2"},
				"down": {"uv": [15, 0.75, 14.5, 0.5], "rotation": 180, "texture": "#2"}
			}
		},
		{
			"from": [4.69558, 8.80986, 8.7984],
			"to": [5.57878, 9.86426, 9.2016],
			"rotation": {"angle": -22.5, "axis": "z", "origin": [8, 9.07873, 9]},
			"faces": {
				"north": {"uv": [12.5, 6.5, 13, 6], "rotation": 180, "texture": "#2"},
				"east": {"uv": [14, 14.5, 14.25, 14], "rotation": 180, "texture": "#2"},
				"south": {"uv": [6.5, 13, 7, 12.5], "rotation": 180, "texture": "#2"},
				"west": {"uv": [13.5, 14.5, 13.75, 14], "rotation": 180, "texture": "#2"},
				"up": {"uv": [0.5, 14.5, 0, 14.75], "rotation": 180, "texture": "#2"},
				"down": {"uv": [15, 0.25, 14.5, 0], "rotation": 180, "texture": "#2"}
			}
		},
		{
			"from": [9.25221, 10.26694, 8.50808],
			"to": [11.50341, 12.58214, 9.49192],
			"rotation": {"angle": 45, "axis": "z", "origin": [8, 9.07873, 9]},
			"faces": {
				"north": {"uv": [10.125, 0, 8.5, 1.625], "rotation": 270, "texture": "#2"},
				"east": {"uv": [1.5, 11.75, 3.125, 11.5], "rotation": 90, "texture": "#2"},
				"south": {"uv": [10.125, 2, 8.5, 3.625], "rotation": 90, "texture": "#2"},
				"west": {"uv": [11.5, 2, 13.125, 2.25], "rotation": 90, "texture": "#2"},
				"up": {"uv": [0.25, 11.5, 0, 13.125], "rotation": 90, "texture": "#2"},
				"down": {"uv": [11.75, 0, 11.5, 1.625], "rotation": 90, "texture": "#2"}
			}
		},
		{
			"from": [8.44571, 8.84362, 8.5484],
			"to": [9.50011, 9.72682, 9.4516],
			"rotation": {"angle": 45, "axis": "z", "origin": [8, 9.07873, 9]},
			"faces": {
				"north": {"uv": [13, 5, 12.5, 5.5], "rotation": 90, "texture": "#2"},
				"east": {"uv": [13, 14, 13.5, 14.25], "rotation": 270, "texture": "#2"},
				"south": {"uv": [13, 5.5, 12.5, 6], "rotation": 270, "texture": "#2"},
				"west": {"uv": [14, 12.75, 14.5, 12.5], "rotation": 270, "texture": "#2"},
				"up": {"uv": [12.75, 14, 12.5, 14.5], "rotation": 270, "texture": "#2"},
				"down": {"uv": [14.25, 12, 14, 12.5], "rotation": 270, "texture": "#2"}
			}
		},
		{
			"from": [7.76489, 9.52444, 8.5484],
			"to": [8.64809, 10.57884, 9.4516],
			"rotation": {"angle": 45, "axis": "z", "origin": [8, 9.07873, 9]},
			"faces": {
				"north": {"uv": [13, 5.5, 12.5, 5], "texture": "#2"},
				"east": {"uv": [12.75, 14.5, 12.5, 14], "texture": "#2"},
				"south": {"uv": [13, 6, 12.5, 5.5], "texture": "#2"},
				"west": {"uv": [14.25, 12.5, 14, 12], "texture": "#2"},
				"up": {"uv": [13, 14.25, 13.5, 14], "texture": "#2"},
				"down": {"uv": [14, 12.5, 14.5, 12.75], "texture": "#2"}
			}
		},
		{
			"from": [6.52411, 9.43558, 8.558],
			"to": [7.40731, 12.94278, 9.442],
			"rotation": {"angle": -22.5, "axis": "z", "origin": [8, 9.07873, 9]},
			"faces": {
				"north": {"uv": [5.5, 9, 6, 10.75], "rotation": 180, "texture": "#2"},
				"east": {"uv": [11, 1, 11.25, 2.75], "rotation": 180, "texture": "#2"},
				"south": {"uv": [6, 9, 6.5, 10.75], "rotation": 180, "texture": "#2"},
				"west": {"uv": [10.5, 9, 10.75, 10.75], "rotation": 180, "texture": "#2"},
				"up": {"uv": [9, 14, 8.5, 14.25], "rotation": 180, "texture": "#2"},
				"down": {"uv": [14.5, 8.25, 14, 8], "rotation": 180, "texture": "#2"}
			}
		},
		{
			"from": [8.59269, 9.43558, 8.558],
			"to": [9.47589, 12.94278, 9.442],
			"rotation": {"angle": 22.5, "axis": "z", "origin": [8, 9.07873, 9]},
			"faces": {
				"north": {"uv": [6, 9, 5.5, 10.75], "rotation": 180, "texture": "#2"},
				"east": {"uv": [10.75, 9, 10.5, 10.75], "rotation": 180, "texture": "#2"},
				"south": {"uv": [6.5, 9, 6, 10.75], "rotation": 180, "texture": "#2"},
				"west": {"uv": [11.25, 1, 11, 2.75], "rotation": 180, "texture": "#2"},
				"up": {"uv": [8.5, 14, 9, 14.25], "rotation": 180, "texture": "#2"},
				"down": {"uv": [14, 8.25, 14.5, 8], "rotation": 180, "texture": "#2"}
			}
		},
		{
			"from": [9.29782, 13.16143, 8.36],
			"to": [9.93782, 14.28143, 9.64],
			"rotation": {"angle": 22.5, "axis": "z", "origin": [8, 9.07873, 9]},
			"faces": {
				"north": {"uv": [13.5, 0.5, 13.875, 1], "rotation": 180, "texture": "#2"},
				"east": {"uv": [12, 6.5, 12.625, 7], "rotation": 180, "texture": "#2"},
				"south": {"uv": [1.5, 13.5, 1.875, 14], "rotation": 180, "texture": "#2"},
				"west": {"uv": [12, 1.5, 12.625, 2], "rotation": 180, "texture": "#2"},
				"up": {"uv": [3.375, 13, 3, 13.625], "rotation": 180, "texture": "#2"},
				"down": {"uv": [2.875, 13.625, 2.5, 13], "rotation": 180, "texture": "#2"}
			}
		},
		{
			"from": [5.17791, 13.48788, 8.36],
			"to": [5.81791, 15.24788, 9.64],
			"rotation": {"angle": -22.5, "axis": "z", "origin": [8, 9.07873, 9]},
			"faces": {
				"north": {"uv": [10, 11.5, 10.375, 12.375], "rotation": 180, "texture": "#2"},
				"east": {"uv": [10.5, 7, 11.125, 7.875], "rotation": 180, "texture": "#2"},
				"south": {"uv": [10.5, 11.5, 10.875, 12.375], "rotation": 180, "texture": "#2"},
				"west": {"uv": [7, 10.5, 7.625, 11.375], "rotation": 180, "texture": "#2"},
				"up": {"uv": [3.875, 13, 3.5, 13.625], "rotation": 180, "texture": "#2"},
				"down": {"uv": [13.375, 3.625, 13, 3], "rotation": 180, "texture": "#2"}
			}
		},
		{
			"from": [10.51118, 12.62151, 8.546],
			"to": [11.95118, 13.26151, 9.454],
			"rotation": {"angle": 0, "axis": "z", "origin": [8, 9.07873, 9]},
			"faces": {
				"north": {"uv": [12.75, 8.375, 12, 8], "texture": "#2"},
				"east": {"uv": [12.75, 10.375, 12, 10], "texture": "#2"},
				"south": {"uv": [12.75, 9.875, 12, 9.5], "texture": "#2"},
				"west": {"uv": [12.75, 8.875, 12, 8.5], "texture": "#2"},
				"up": {"uv": [2.5, 11.25, 3.25, 10.5], "texture": "#2"},
				"down": {"uv": [1.5, 10.5, 2.25, 11.25], "texture": "#2"}
			}
		},
		{
			"from": [11.31118, 11.82151, 8.546],
			"to": [11.95118, 12.62151, 9.454],
			"rotation": {"angle": 0, "axis": "z", "origin": [8, 9.07873, 9]},
			"faces": {
				"north": {"uv": [14.375, 2.875, 14, 2.5], "texture": "#2"},
				"east": {"uv": [11.75, 12.375, 11, 12], "texture": "#2"},
				"south": {"uv": [3.375, 14.375, 3, 14], "texture": "#2"},
				"west": {"uv": [12.75, 10.875, 12, 10.5], "texture": "#2"},
				"up": {"uv": [12.5, 4.25, 12.875, 3.5], "texture": "#2"},
				"down": {"uv": [12, 11.5, 12.375, 12.25], "texture": "#2"}
			}
		},
		{
			"from": [9.89926, 13.23302, 8.61],
			"to": [10.53926, 14.99302, 9.39],
			"rotation": {"angle": -22.5, "axis": "z", "origin": [8, 9.07873, 9]},
			"faces": {
				"north": {"uv": [10, 12.375, 10.375, 11.5], "texture": "#2"},
				"east": {"uv": [7, 11.375, 7.625, 10.5], "texture": "#2"},
				"south": {"uv": [10.5, 12.375, 10.875, 11.5], "texture": "#2"},
				"west": {"uv": [10.5, 7.875, 11.125, 7], "texture": "#2"},
				"up": {"uv": [3.875, 13.625, 3.5, 13], "texture": "#2"},
				"down": {"uv": [13.375, 3, 13, 3.625], "texture": "#2"}
			}
		},
		{
			"from": [12.02895, 11.2806, 8.61],
			"to": [13.78895, 11.9206, 9.39],
			"rotation": {"angle": 22.5, "axis": "z", "origin": [8, 9.07873, 9]},
			"faces": {
				"north": {"uv": [10.375, 12.375, 10, 11.5], "rotation": 270, "texture": "#2"},
				"east": {"uv": [3.5, 13.625, 3.875, 13], "rotation": 90, "texture": "#2"},
				"south": {"uv": [10.875, 12.375, 10.5, 11.5], "rotation": 90, "texture": "#2"},
				"west": {"uv": [13, 3, 13.375, 3.625], "rotation": 90, "texture": "#2"},
				"up": {"uv": [7.625, 11.375, 7, 10.5], "rotation": 90, "texture": "#2"},
				"down": {"uv": [11.125, 7.875, 10.5, 7], "rotation": 90, "texture": "#2"}
			}
		},
		{
			"from": [3.36464, 13.58089, 8.578],
			"to": [3.72944, 13.94569, 9.422],
			"rotation": {"angle": 0, "axis": "z", "origin": [8, 9.07873, 9]},
			"faces": {
				"north": {"uv": [11.125, 14.625, 11, 14.5], "rotation": 270, "texture": "#2"},
				"east": {"uv": [8, 15.125, 8.125, 14.5], "rotation": 90, "texture": "#2"},
				"south": {"uv": [14.625, 11.125, 14.5, 11], "rotation": 90, "texture": "#2"},
				"west": {"uv": [14.5, 7.5, 14.625, 8.125], "rotation": 90, "texture": "#2"},
				"up": {"uv": [7.625, 14.625, 7, 14.5], "rotation": 90, "texture": "#2"},
				"down": {"uv": [15.125, 7.125, 14.5, 7], "rotation": 90, "texture": "#2"}
			}
		},
		{
			"from": [4.04882, 12.62151, 8.546],
			"to": [5.48882, 13.26151, 9.454],
			"rotation": {"angle": 0, "axis": "z", "origin": [8, 9.07873, 9]},
			"faces": {
				"north": {"uv": [12, 8.375, 12.75, 8], "texture": "#2"},
				"east": {"uv": [12, 8.875, 12.75, 8.5], "texture": "#2"},
				"south": {"uv": [12, 9.875, 12.75, 9.5], "texture": "#2"},
				"west": {"uv": [12, 10.375, 12.75, 10], "texture": "#2"},
				"up": {"uv": [3.25, 11.25, 2.5, 10.5], "texture": "#2"},
				"down": {"uv": [2.25, 10.5, 1.5, 11.25], "texture": "#2"}
			}
		},
		{
			"from": [4.04882, 11.82151, 8.546],
			"to": [4.68882, 12.62151, 9.454],
			"rotation": {"angle": 0, "axis": "z", "origin": [8, 9.07873, 9]},
			"faces": {
				"north": {"uv": [14, 2.875, 14.375, 2.5], "texture": "#2"},
				"east": {"uv": [12, 10.875, 12.75, 10.5], "texture": "#2"},
				"south": {"uv": [3, 14.375, 3.375, 14], "texture": "#2"},
				"west": {"uv": [11, 12.375, 11.75, 12], "texture": "#2"},
				"up": {"uv": [12.875, 4.25, 12.5, 3.5], "texture": "#2"},
				"down": {"uv": [12.375, 11.5, 12, 12.25], "texture": "#2"}
			}
		},
		{
			"from": [5.46074, 13.23302, 8.61],
			"to": [6.10074, 14.99302, 9.39],
			"rotation": {"angle": 22.5, "axis": "z", "origin": [8, 9.07873, 9]},
			"faces": {
				"north": {"uv": [10.375, 12.375, 10, 11.5], "texture": "#2"},
				"east": {"uv": [11.125, 7.875, 10.5, 7], "texture": "#2"},
				"south": {"uv": [10.875, 12.375, 10.5, 11.5], "texture": "#2"},
				"west": {"uv": [7.625, 11.375, 7, 10.5], "texture": "#2"},
				"up": {"uv": [3.5, 13.625, 3.875, 13], "texture": "#2"},
				"down": {"uv": [13, 3, 13.375, 3.625], "texture": "#2"}
			}
		},
		{
			"from": [2.21105, 11.2806, 8.61],
			"to": [3.97105, 11.9206, 9.39],
			"rotation": {"angle": -22.5, "axis": "z", "origin": [8, 9.07873, 9]},
			"faces": {
				"north": {"uv": [10.375, 11.5, 10, 12.375], "rotation": 270, "texture": "#2"},
				"east": {"uv": [13, 3.625, 13.375, 3], "rotation": 90, "texture": "#2"},
				"south": {"uv": [10.875, 11.5, 10.5, 12.375], "rotation": 90, "texture": "#2"},
				"west": {"uv": [3.5, 13, 3.875, 13.625], "rotation": 90, "texture": "#2"},
				"up": {"uv": [7.625, 10.5, 7, 11.375], "rotation": 90, "texture": "#2"},
				"down": {"uv": [11.125, 7, 10.5, 7.875], "rotation": 90, "texture": "#2"}
			}
		}
	],
	"gui_light": "front",
	"display": {
		"thirdperson_righthand": {
			"rotation": [37.5, 0, 0],
			"translation": [0, 1.5, 0],
			"scale": [0.38, 0.38, 0.38]
		},
		"thirdperson_lefthand": {
			"rotation": [67.25, 0, 0],
			"translation": [-5.5, -8.5, 13],
			"scale": [1.3, 1.3, 1.3]
		},
		"firstperson_righthand": {
			"translation": [1.5, 2.25, 0],
			"scale": [0.31, 0.31, 0.31]
		},
		"firstperson_lefthand": {
			"translation": [1.5, 2.25, 0],
			"scale": [0.31, 0.31, 0.31]
		},
		"ground": {
			"rotation": [-35, 0, 0],
			"translation": [0, 0.75, 2],
			"scale": [0.66, 0.66, 0.66]
		},
		"gui": {
			"translation": [0, -1.25, 0],
			"scale": [0.46, 0.46, 0.46]
		},
		"head": {
			"translation": [0, -12.5, 10.5],
			"scale": [2.27, 2.27, 2.27]
		},
		"fixed": {
			"rotation": [-180, 0, -180],
			"translation": [0, -2.5, -2.25],
			"scale": [1.25, 1.25, 1.25]
		}
	},
	"groups": [
		{
			"name": "wings",
			"origin": [8, 8, 8],
			"color": 0,
			"children": [
				{
					"name": "wings",
					"origin": [7.35935, -12.70972, 8],
					"color": 0,
					"children": [
						{
							"name": "group",
							"origin": [8, 8.21573, 8],
							"color": 0,
							"children": [0, 1, 2, 3, 4, 5, 6, 7, 8, 9, 10, 11, 12, 13, 14, 15, 16, 17, 18, 19, 20, 21, 22, 23, 24, 25, 26, 27, 28, 29]
						},
						30,
						31,
						32,
						33,
						34,
						35,
						36,
						37,
						38,
						39,
						40,
						41,
						42,
						43,
						44,
						45,
						46,
						47,
						48,
						49,
						50,
						51,
						52,
						53,
						54,
						55,
						56
					]
				}
			]
		}
	]
}